Scheme Name,Slug,Brief Description,Detailed Description,Benefits,Eligibility,Application Process,Application URL,Image,Level,Scheme Type,Ministry,Department,Open Date,Close Date,Implementing Agency
PM Kisan Samman Nidhi,pm-kisan,Direct income support to farmers,PM-KISAN provides income support of Rs 6000 per year to all landholding farmer families across India. The amount is paid in three equal installments of Rs 2000 directly to bank accounts via DBT.,Rs 6000 per year in 3 installments of Rs 2000 each,"Small and marginal farmers with cultivable land; families with combined landholding up to 2 hectares; age 18-60",Register at nearest CSC or PM-KISAN portal with Aadhaar and land records,https://pmkisan.gov.in,,Central,Agriculture,Ministry of Agriculture and Farmers Welfare,Department of Agriculture Cooperation and Farmers Welfare,01-12-2018,,PMKISAN PMU
PM Fasal Bima Yojana,pmfby,Crop insurance for farmers against natural calamities,Pradhan Mantri Fasal Bima Yojana provides financial support to farmers suffering crop loss due to unforeseen events like natural calamities pests and diseases. Premium rates are 2% for Kharif and 1.5% for Rabi crops.,Insurance coverage for crop loss due to natural calamities; low premium rates; settlement through remote sensing and technology,"All farmers including sharecroppers and tenant farmers growing notified crops in notified areas; age 18-70",Apply at nearest bank branch or CSC during crop season with land records and bank details,https://pmfby.gov.in,,Central,Agriculture,Ministry of Agriculture and Farmers Welfare,Department of Agriculture Cooperation and Farmers Welfare,13-01-2016,,Agricultural Insurance Company of India
Sukanya Samriddhi Yojana,sukanya-samriddhi,Savings scheme for girl child education and marriage,Sukanya Samriddhi Yojana is a government savings scheme for the girl child providing attractive interest rate currently 8.2% per annum. Account can be opened in post offices and authorized banks.,High interest rate 8.2% pa; tax benefits under 80C; partial withdrawal allowed after girl turns 18 for education,"Parents or guardians of girl child below 10 years of age; Indian residents; one account per girl child; maximum 2 accounts per family",Open account at nearest post office or authorized bank with birth certificate of girl child and parent identity proof,https://www.india.gov.in/sukanya-samriddhi-yojana,,Central,Women Empowerment,Ministry of Finance,Department of Economic Affairs,22-01-2015,,Post Office and Authorized Banks
Pradhan Mantri Mudra Yojana,pmmy,Micro loans for non-farm small enterprises,PMMY provides loans up to Rs 10 lakh to non-corporate non-farm small micro enterprises. Three categories: Shishu up to Rs 50000; Kishor Rs 50001-5 lakh; Tarun Rs 5 lakh-10 lakh.,Collateral-free loans up to Rs 10 lakh; low interest rates; three loan tiers for different business stages,"Small business owners; micro entrepreneurs; women entrepreneurs; SC/ST entrepreneurs; non-corporate non-farm businesses",Apply at nearest bank NBFC MFI with business plan and identity documents,https://www.mudra.org.in,,Central,Business & Entrepreneurship,Ministry of Finance,Department of Financial Services,08-04-2015,,MUDRA Bank and partner lending institutions
Beti Bachao Beti Padhao,bbbp,Scheme to save and educate the girl child,Beti Bachao Beti Padhao aims to address the declining Child Sex Ratio and promote welfare and education of the girl child. Implemented across 640 districts in India with multi-sectoral interventions.,Awareness campaigns; educational support for girl child; medical support; legal protection,"Girl child; families with girl children; pregnant women; women in reproductive age group",Contact nearest Anganwadi center or district administration for support services,https://wcd.nic.in/bbbp-schemes,,Central,Women Empowerment,Ministry of Women and Child Development,Department of Women and Child Development,22-01-2015,,State Governments and UTs
Atal Innovation Mission,aim,Fostering innovation and entrepreneurship in India,AIM is a flagship initiative of NITI Aayog to promote innovation and entrepreneurship across India. Atal Tinkering Labs ATLs are established in schools to cultivate innovative mindset. Atal Incubation Centres AIC support startups.,"Funding for Tinkering Labs up to Rs 20 lakh; incubation support; mentorship; grants up to Rs 10 crore for AICs","Students aged 10-18 for ATLs; startups and entrepreneurs for AICs; schools for establishing ATLs",Apply online at AIM portal with required documents and proposals,https://aim.gov.in,,Central,Business & Entrepreneurship,NITI Aayog,Atal Innovation Mission,01-01-2016,,NITI Aayog
PMEGP (PM Employment Generation Programme),pmegp,Credit-linked subsidy for micro enterprises,PMEGP provides credit-linked subsidy for setting up micro enterprises in non-farm sector to generate employment opportunities. Subsidy 15-35% of project cost depending on area and category.,"Subsidy 15-35% of project cost; loans up to Rs 50 lakh for manufacturing and Rs 20 lakh for service sector","Individual entrepreneurs above 18 years; SC/ST OBC women ex-servicemen minorities persons with disability; minimum 8th pass for projects above Rs 10 lakh",Apply at KVIC DIC or Khadi Board offices with project report and identity documents,https://www.kviconline.gov.in/pmegpeportal,,Central,Business & Entrepreneurship,Ministry of MSME,Khadi and Village Industries Commission,01-04-2008,,KVIC State KVIB and DICs
Ayushman Bharat PM-JAY,pmjay,Health insurance coverage for poor families,Ayushman Bharat Pradhan Mantri Jan Arogya Yojana provides health coverage of Rs 5 lakh per family per year for secondary and tertiary hospitalization. Covers 1949 medical procedures at empaneled hospitals.,"Health coverage up to Rs 5 lakh per family per year; cashless treatment at empaneled hospitals; covers pre and post hospitalization","Families identified in SECC 2011 database; BPL families; approximately 10.74 crore vulnerable families",Check eligibility at nearest CSC or Ayushman Bharat portal; get Ayushman card,https://pmjay.gov.in,,Central,Health & Wellness,Ministry of Health and Family Welfare,National Health Authority,23-09-2018,,National Health Authority and State Health Agencies
National Scholarship Portal,nsp,Central scholarship platform for students,National Scholarship Portal is a one-stop platform for students to apply for various central and state government scholarships. Covers pre-matric post-matric and merit-cum-means scholarships for SC ST OBC minorities and general students.,Financial assistance for education; multiple scholarships on single platform; direct bank transfer,"Students from Class 1 to PhD level; SC ST OBC EWS minority students; income criteria vary by scholarship; age varies 5-35",Register on NSP portal with Aadhaar academic documents and bank account details,https://scholarships.gov.in,,Central,Education & Learning,Ministry of Electronics and IT,National e-Governance Division,01-07-2015,,Various Ministries and State Governments
Pradhan Mantri Awas Yojana Urban,pmay-u,Affordable housing for urban poor,PMAY-U aims to provide housing for all in urban areas by 2022. Provides credit-linked subsidy on home loans for EWS LIG and MIG categories. Interest subsidy up to 6.5% on home loans.,"Credit linked interest subsidy 3-6.5%; affordable housing units; subsidy up to Rs 2.67 lakh","EWS families with income up to Rs 3 lakh; LIG with income Rs 3-6 lakh; MIG-I Rs 6-12 lakh; MIG-II Rs 12-18 lakh; SC/ST minorities women preferred",Apply at bank or housing finance company with income proof Aadhaar and property documents,https://pmaymis.gov.in,,Central,Social Welfare,Ministry of Housing and Urban Affairs,Housing and Urban Development Corporation,25-06-2015,,State Governments ULBs and Housing Agencies
Skill India Mission (PMKVY),pmkvy,Free skill training and certification for youth,Pradhan Mantri Kaushal Vikas Yojana provides free short-term skill training to Indian youth. Trainees receive monetary rewards for successful completion and certification recognized by industry.,"Free skill training; certification; monetary reward Rs 8000 for assessment and certification; placement support","Indian citizens aged 15-45; school dropouts; unemployed youth; priority to SC/ST OBC minorities women",Register at nearest PMKVY Training Centre or online portal with Aadhaar and educational certificates,https://www.pmkvyofficial.org,,Central,Skills & Employment,Ministry of Skill Development and Entrepreneurship,NSDC,15-07-2015,,NSDC and Sector Skill Councils
Stand Up India,standup-india,Bank loans for SC ST and women entrepreneurs,Stand Up India facilitates bank loans between Rs 10 lakh and Rs 1 crore to at least one SC or ST borrower and at least one woman borrower per bank branch for setting up greenfield enterprises.,"Loans Rs 10 lakh to 1 crore; composite loan covering 75% of project cost; 7 years repayment period","SC/ST entrepreneurs; women entrepreneurs; above 18 years; for greenfield projects only; borrower should not be in default",Apply at nearest bank branch or Stand Up India portal with business plan and identity documents,https://www.standupmitra.in,,Central,Business & Entrepreneurship,Ministry of Finance,Department of Financial Services,05-04-2016,,SIDBI NABARD and Scheduled Commercial Banks
Karnataka Rajyotsava Award,karnataka-rajyotsava,Award for contribution to Kannada culture and Karnataka,Karnataka Rajyotsava Award is given on November 1 every year to individuals who have made significant contributions to the Kannada language culture and overall development of Karnataka state.,Cash award and citation; recognition for contribution to Karnataka; felicitation at state level ceremony,"Karnataka residents; individuals with significant contribution to Kannada language art culture social service; no age bar",Submit nomination to Department of Kannada and Culture Karnataka Government with supporting documents,https://kannadaandculture.karnataka.gov.in,,State,Social Welfare,Government of Karnataka,Department of Kannada and Culture,01-09-2023,31-10-2023,Department of Kannada and Culture Karnataka
Maharashtra Chief Ministers Solar Agriculture Pump Scheme,cm-solar-pump-mh,Subsidized solar pumps for farmers in Maharashtra,Maharashtra government provides solar agriculture pumps to farmers who do not have electricity connection or have unstable electricity supply. Subsidy up to 95% for SC/ST farmers and 90% for general farmers.,"Subsidized solar pump up to 90-95%; reduced electricity bills; reliable irrigation; 3 HP and 5 HP pumps available","Farmers in Maharashtra; those without electricity connection or with unstable supply; priority to SC/ST and small farmers; land ownership required",Apply at nearest Agriculture Department office in Maharashtra with land documents and identity proof,https://mahadiscom.in,,State,Agriculture,Government of Maharashtra,Agriculture Department Maharashtra,01-04-2019,,Maharashtra State Electricity Distribution Company
Tamil Nadu Chief Ministers Breakfast Scheme,tn-breakfast,Free breakfast for government school students in Tamil Nadu,Tamil Nadu government provides free nutritious breakfast to students of Classes 1-5 in all government schools. The scheme aims to improve nutrition levels attendance and learning outcomes among school children.,Free nutritious breakfast daily; improved nutrition; better attendance and learning outcomes,"Students of Classes 1 to 5 in government schools in Tamil Nadu; all students regardless of caste or economic background",Automatic enrollment for all students in Tamil Nadu government schools; no separate application needed,https://www.tn.gov.in,,State,Education & Learning,Government of Tamil Nadu,School Education Department Tamil Nadu,15-09-2022,,School Education Department Tamil Nadu
Delhi Mukhyamantri Mahila Samman Yojana,delhi-mahila-samman,Monthly financial assistance to women in Delhi,Delhi government provides monthly financial assistance of Rs 1000 to women residents of Delhi above 18 years of age. The scheme aims to provide financial security and empowerment to women.,"Rs 1000 per month directly to bank account; financial empowerment; no condition on spending","Women residents of Delhi; aged 18 and above; Delhi voter ID mandatory; annual income below Rs 3 lakh; no government job or pension",Register at nearest camp site with voter ID Aadhaar bank account and income certificate,https://www.delhi.gov.in,,State,Women Empowerment,Government of Delhi,Department of Women and Child Development Delhi,01-03-2024,,Women and Child Development Department Delhi
National Means-cum-Merit Scholarship,nmmss,Scholarship for meritorious students from economically weaker sections,NMMSS provides scholarships to meritorious students of economically weaker sections to arrest their dropout at Class 8 and encourage them to continue up to Class 12. Scholarship of Rs 12000 per year.,"Rs 12000 per year (Rs 1000 per month); continued up to Class 12; direct bank transfer","Students of Class 9 to 12; passed Class 8 with minimum 55% marks (50% for SC/ST); family income below Rs 3.5 lakh; studying in government schools",Apply through state government portal or school principal with Class 8 marksheet and income certificate,https://scholarships.gov.in,,Central,Education & Learning,Ministry of Education,Department of School Education and Literacy,01-08-2023,31-10-2023,State Government Education Departments
Pradhan Mantri Jan Dhan Yojana,pmjdy,Universal banking access for unbanked population,PMJDY is a national mission for financial inclusion ensuring access to financial services like banking savings deposit accounts remittance credit insurance and pension in an affordable manner.,"Zero balance bank account; RuPay debit card; accidental insurance Rs 2 lakh; overdraft up to Rs 10000; life insurance Rs 30000","Any Indian citizen above 10 years without a bank account; no minimum balance requirement; Aadhaar or any government ID sufficient",Visit nearest bank branch or Business Correspondent with Aadhaar or any government ID,https://pmjdy.gov.in,,Central,Social Welfare,Ministry of Finance,Department of Financial Services,28-08-2014,,Banks and Business Correspondents
PM SVANidhi (Street Vendor Loan),pm-svanidhi,Micro credit for street vendors post COVID-19,PM SVANidhi provides affordable working capital loans to street vendors to resume their livelihoods adversely affected by COVID-19 pandemic. First loan Rs 10000; second Rs 20000; third Rs 50000.,"Collateral-free loans Rs 10000-50000; interest subsidy 7%; digital transaction incentive up to Rs 1200 per year; credit score building","Street vendors; urban local body certified vendors; vendors with Certificate of Vending or Letter of Recommendation; any gender",Apply at nearest bank MFI or through PM SVANidhi mobile app with vendor certificate and bank account,https://pmsvanidhi.mohua.gov.in,,Central,Business & Entrepreneurship,Ministry of Housing and Urban Affairs,National Urban Livelihoods Mission,01-06-2020,,Urban Local Bodies and Lending Institutions
National Rural Health Mission (NRHM),nrhm,Improving healthcare in rural India,NRHM aims to provide accessible affordable and quality health care to the rural population especially the vulnerable groups. Provides free healthcare services at PHCs CHCs district hospitals and community health workers.,"Free healthcare at public health facilities; free medicines; ASHA workers for health support; free diagnostics","Rural population; BPL families; SC/ST communities; pregnant women; children below 5; no age or income bar for basic services",Visit nearest PHC CHC or district hospital; ASHA worker will guide for specific services and schemes,https://nhm.gov.in,,Central,Health & Wellness,Ministry of Health and Family Welfare,National Health Mission,05-04-2005,,State Health Societies and District Health Societies
